S,S^2,A,Y,B
0.56027386,0.3139067981992996,0.0,0.0,0.48930433
0.56027386,0.3139067981992996,0.0015351422222222222,0.0,0.48938718
0.56027386,0.3139067981992996,0.0030702844444444443,0.0,0.48946992
0.56027386,0.3139067981992996,0.0046054266666666665,0.0,0.48955277
0.56027386,0.3139067981992996,0.006140568888888889,0.0,0.4896356
0.56027386,0.3139067981992996,0.007675711111111111,0.0,0.4897184
0.56027386,0.3139067981992996,0.009210853333333333,0.0,0.48980123
0.56027386,0.3139067981992996,0.010745995555555554,0.0,0.489884
0.56027386,0.3139067981992996,0.012281137777777777,0.0,0.4899668
0.56027386,0.3139067981992996,0.013816279999999998,0.0,0.49004957
0.6089100977777778,0.370771507175743,0.0,0.0,0.49108973
0.6089100977777778,0.370771507175743,0.0015351422222222222,0.0,0.49117252
0.6089100977777778,0.370771507175743,0.0030702844444444443,0.0,0.49125537
0.6089100977777778,0.370771507175743,0.0046054266666666665,0.0,0.4913382
0.6089100977777778,0.370771507175743,0.006140568888888889,0.0,0.491421
0.6089100977777778,0.370771507175743,0.007675711111111111,0.0,0.49150383
0.6089100977777778,0.370771507175743,0.009210853333333333,0.0,0.4915867
0.6089100977777778,0.370771507175743,0.010745995555555554,0.0,0.49166942
0.6089100977777778,0.370771507175743,0.012281137777777777,0.0,0.49175233
0.6089100977777778,0.370771507175743,0.013816279999999998,0.0,0.49183512
0.6575463355555555,0.4323671834025392,0.0,0.0,0.49319425
0.6575463355555555,0.4323671834025392,0.0015351422222222222,0.0,0.4932699
0.6575463355555555,0.4323671834025392,0.0030702844444444443,0.0,0.4933455
0.6575463355555555,0.4323671834025392,0.0046054266666666665,0.0,0.49342117
0.6575463355555555,0.4323671834025392,0.006140568888888889,0.0,0.49349678
0.6575463355555555,0.4323671834025392,0.007675711111111111,0.0,0.49357238
0.6575463355555555,0.4323671834025392,0.009210853333333333,0.0,0.49364802
0.6575463355555555,0.4323671834025392,0.010745995555555554,0.0,0.49372366
0.6575463355555555,0.4323671834025392,0.012281137777777777,0.0,0.49379924
0.6575463355555555,0.4323671834025392,0.013816279999999998,0.0,0.49387494
0.7061825733333333,0.4986938268796887,0.0,0.0,0.49766192
0.7061825733333333,0.4986938268796887,0.0015351422222222222,0.0,0.4977674
0.7061825733333333,0.4986938268796887,0.0030702844444444443,0.0,0.49788475
0.7061825733333333,0.4986938268796887,0.0046054266666666665,0.0,0.49800208
0.7061825733333333,0.4986938268796887,0.006140568888888889,0.0,0.4981194
0.7061825733333333,0.4986938268796887,0.007675711111111111,0.0,0.49823675
0.7061825733333333,0.4986938268796887,0.009210853333333333,0.0,0.49835402
0.7061825733333333,0.4986938268796887,0.010745995555555554,0.0,0.4984714
0.7061825733333333,0.4986938268796887,0.012281137777777777,0.0,0.49858874
0.7061825733333333,0.4986938268796887,0.013816279999999998,0.0,0.49870607
0.7548188111111112,0.5697514376071913,0.0,0.0,0.5139523
0.7548188111111112,0.5697514376071913,0.0015351422222222222,0.0,0.5141521
0.7548188111111112,0.5697514376071913,0.0030702844444444443,0.0,0.51434696
0.7548188111111112,0.5697514376071913,0.0046054266666666665,0.0,0.514541
0.7548188111111112,0.5697514376071913,0.006140568888888889,0.0,0.5147351
0.7548188111111112,0.5697514376071913,0.007675711111111111,0.0,0.5149292
0.7548188111111112,0.5697514376071913,0.009210853333333333,0.0,0.51512325
0.7548188111111112,0.5697514376071913,0.010745995555555554,0.0,0.5153173
0.7548188111111112,0.5697514376071913,0.012281137777777777,0.0,0.51551133
0.7548188111111112,0.5697514376071913,0.013816279999999998,0.0,0.51570547
0.803455048888889,0.6455400155850469,0.0,0.0,0.5389744
0.803455048888889,0.6455400155850469,0.0015351422222222222,0.0,0.53917503
0.803455048888889,0.6455400155850469,0.0030702844444444443,0.0,0.53937566
0.803455048888889,0.6455400155850469,0.0046054266666666665,0.0,0.5395763
0.803455048888889,0.6455400155850469,0.006140568888888889,0.0,0.5397769
0.803455048888889,0.6455400155850469,0.007675711111111111,0.0,0.5399775
0.803455048888889,0.6455400155850469,0.009210853333333333,0.0,0.54017806
0.803455048888889,0.6455400155850469,0.010745995555555554,0.0,0.54037863
0.803455048888889,0.6455400155850469,0.012281137777777777,0.0,0.54057914
0.803455048888889,0.6455400155850469,0.013816279999999998,0.0,0.5407797
0.8520912866666667,0.7260595608132555,0.0,0.0,0.56507725
0.8520912866666667,0.7260595608132555,0.0015351422222222222,0.0,0.56529826
0.8520912866666667,0.7260595608132555,0.0030702844444444443,0.0,0.5655192
0.8520912866666667,0.7260595608132555,0.0046054266666666665,0.0,0.5657401
0.8520912866666667,0.7260595608132555,0.006140568888888889,0.0,0.56596106
0.8520912866666667,0.7260595608132555,0.007675711111111111,0.0,0.56618196
0.8520912866666667,0.7260595608132555,0.009210853333333333,0.0,0.5664028
0.8520912866666667,0.7260595608132555,0.010745995555555554,0.0,0.5666236
0.8520912866666667,0.7260595608132555,0.012281137777777777,0.0,0.56684446
0.8520912866666667,0.7260595608132555,0.013816279999999998,0.0,0.5670653
0.9007275244444445,0.8113100732918174,0.0,0.0,0.59174895
0.9007275244444445,0.8113100732918174,0.0015351422222222222,0.0,0.59195507
0.9007275244444445,0.8113100732918174,0.0030702844444444443,0.0,0.5921611
0.9007275244444445,0.8113100732918174,0.0046054266666666665,0.0,0.5923671
0.9007275244444445,0.8113100732918174,0.006140568888888889,0.0,0.5925731
0.9007275244444445,0.8113100732918174,0.007675711111111111,0.0,0.5927791
0.9007275244444445,0.8113100732918174,0.009210853333333333,0.0,0.59298503
0.9007275244444445,0.8113100732918174,0.010745995555555554,0.0,0.5931909
0.9007275244444445,0.8113100732918174,0.012281137777777777,0.0,0.5933968
0.9007275244444445,0.8113100732918174,0.013816279999999998,0.0,0.5936026
0.9493637622222222,0.901291553020732,0.0,0.0,0.61792684
0.9493637622222222,0.901291553020732,0.0015351422222222222,0.0,0.61812586
0.9493637622222222,0.901291553020732,0.0030702844444444443,0.0,0.61832476
0.9493637622222222,0.901291553020732,0.0046054266666666665,0.0,0.61852366
0.9493637622222222,0.901291553020732,0.006140568888888889,0.0,0.61872256
0.9493637622222222,0.901291553020732,0.007675711111111111,0.0,0.6189214
0.9493637622222222,0.901291553020732,0.009210853333333333,0.0,0.6191201
0.9493637622222222,0.901291553020732,0.010745995555555554,0.0,0.6193189
0.9493637622222222,0.901291553020732,0.012281137777777777,0.0,0.61951756
0.9493637622222222,0.901291553020732,0.013816279999999998,0.0,0.6197162
0.998,0.996004,0.0,0.0,0.6434778
0.998,0.996004,0.0015351422222222222,0.0,0.64367837
0.998,0.996004,0.0030702844444444443,0.0,0.64387476
0.998,0.996004,0.0046054266666666665,0.0,0.64406973
0.998,0.996004,0.006140568888888889,0.0,0.64426476
0.998,0.996004,0.007675711111111111,0.0,0.64445966
0.998,0.996004,0.009210853333333333,0.0,0.6446544
0.998,0.996004,0.010745995555555554,0.0,0.6448492
0.998,0.996004,0.012281137777777777,0.0,0.6450439
0.998,0.996004,0.013816279999999998,0.0,0.6452385
0.56027386,0.3139067981992996,0.0,0.0017987866666666665,0.48915792
0.56027386,0.3139067981992996,0.0015351422222222222,0.0017987866666666665,0.48924074
0.56027386,0.3139067981992996,0.0030702844444444443,0.0017987866666666665,0.4893235
0.56027386,0.3139067981992996,0.0046054266666666665,0.0017987866666666665,0.48940635
0.56027386,0.3139067981992996,0.006140568888888889,0.0017987866666666665,0.48948917
0.56027386,0.3139067981992996,0.007675711111111111,0.0017987866666666665,0.48957196
0.56027386,0.3139067981992996,0.009210853333333333,0.0017987866666666665,0.48965478
0.56027386,0.3139067981992996,0.010745995555555554,0.0017987866666666665,0.48973763
0.56027386,0.3139067981992996,0.012281137777777777,0.0017987866666666665,0.4898204
0.56027386,0.3139067981992996,0.013816279999999998,0.0017987866666666665,0.48990315
0.6089100977777778,0.370771507175743,0.0,0.0017987866666666665,0.49094325
0.6089100977777778,0.370771507175743,0.0015351422222222222,0.0017987866666666665,0.49102613
0.6089100977777778,0.370771507175743,0.0030702844444444443,0.0017987866666666665,0.49110892
0.6089100977777778,0.370771507175743,0.0046054266666666665,0.0017987866666666665,0.49119174
0.6089100977777778,0.370771507175743,0.006140568888888889,0.0017987866666666665,0.4912746
0.6089100977777778,0.370771507175743,0.007675711111111111,0.0017987866666666665,0.49135736
0.6089100977777778,0.370771507175743,0.009210853333333333,0.0017987866666666665,0.4914402
0.6089100977777778,0.370771507175743,0.010745995555555554,0.0017987866666666665,0.49152303
0.6089100977777778,0.370771507175743,0.012281137777777777,0.0017987866666666665,0.4916058
0.6089100977777778,0.370771507175743,0.013816279999999998,0.0017987866666666665,0.49168867
0.6575463355555555,0.4323671834025392,0.0,0.0017987866666666665,0.49302682
0.6575463355555555,0.4323671834025392,0.0015351422222222222,0.0017987866666666665,0.49310246
0.6575463355555555,0.4323671834025392,0.0030702844444444443,0.0017987866666666665,0.49317807
0.6575463355555555,0.4323671834025392,0.0046054266666666665,0.0017987866666666665,0.4932537
0.6575463355555555,0.4323671834025392,0.006140568888888889,0.0017987866666666665,0.49332938
0.6575463355555555,0.4323671834025392,0.007675711111111111,0.0017987866666666665,0.49340492
0.6575463355555555,0.4323671834025392,0.009210853333333333,0.0017987866666666665,0.49348056
0.6575463355555555,0.4323671834025392,0.010745995555555554,0.0017987866666666665,0.49355623
0.6575463355555555,0.4323671834025392,0.012281137777777777,0.0017987866666666665,0.49363187
0.6575463355555555,0.4323671834025392,0.013816279999999998,0.0017987866666666665,0.49370745
0.7061825733333333,0.4986938268796887,0.0,0.0017987866666666665,0.49680865
0.7061825733333333,0.4986938268796887,0.0015351422222222222,0.0017987866666666665,0.4969021
0.7061825733333333,0.4986938268796887,0.0030702844444444443,0.0017987866666666665,0.49700657
0.7061825733333333,0.4986938268796887,0.0046054266666666665,0.0017987866666666665,0.4971239
0.7061825733333333,0.4986938268796887,0.006140568888888889,0.0017987866666666665,0.4972412
0.7061825733333333,0.4986938268796887,0.007675711111111111,0.0017987866666666665,0.49735853
0.7061825733333333,0.4986938268796887,0.009210853333333333,0.0017987866666666665,0.49747592
0.7061825733333333,0.4986938268796887,0.010745995555555554,0.0017987866666666665,0.49759325
0.7061825733333333,0.4986938268796887,0.012281137777777777,0.0017987866666666665,0.4977105
0.7061825733333333,0.4986938268796887,0.013816279999999998,0.0017987866666666665,0.4978279
0.7548188111111112,0.5697514376071913,0.0,0.0017987866666666665,0.51269424
0.7548188111111112,0.5697514376071913,0.0015351422222222222,0.0017987866666666665,0.5128809
0.7548188111111112,0.5697514376071913,0.0030702844444444443,0.0017987866666666665,0.5130751
0.7548188111111112,0.5697514376071913,0.0046054266666666665,0.0017987866666666665,0.5132692
0.7548188111111112,0.5697514376071913,0.006140568888888889,0.0017987866666666665,0.5134633
0.7548188111111112,0.5697514376071913,0.007675711111111111,0.0017987866666666665,0.5136574
0.7548188111111112,0.5697514376071913,0.009210853333333333,0.0017987866666666665,0.5138515
0.7548188111111112,0.5697514376071913,0.010745995555555554,0.0017987866666666665,0.5140456
0.7548188111111112,0.5697514376071913,0.012281137777777777,0.0017987866666666665,0.51423967
0.7548188111111112,0.5697514376071913,0.013816279999999998,0.0017987866666666665,0.5144338
0.803455048888889,0.6455400155850469,0.0,0.0017987866666666665,0.53770703
0.803455048888889,0.6455400155850469,0.0015351422222222222,0.0017987866666666665,0.5379078
0.803455048888889,0.6455400155850469,0.0030702844444444443,0.0017987866666666665,0.5381085
0.803455048888889,0.6455400155850469,0.0046054266666666665,0.0017987866666666665,0.53830916
0.803455048888889,0.6455400155850469,0.006140568888888889,0.0017987866666666665,0.53850985
0.803455048888889,0.6455400155850469,0.007675711111111111,0.0017987866666666665,0.53871053
0.803455048888889,0.6455400155850469,0.009210853333333333,0.0017987866666666665,0.53891116
0.803455048888889,0.6455400155850469,0.010745995555555554,0.0017987866666666665,0.53911185
0.803455048888889,0.6455400155850469,0.012281137777777777,0.0017987866666666665,0.5393124
0.803455048888889,0.6455400155850469,0.013816279999999998,0.0017987866666666665,0.53951305
0.8520912866666667,0.7260595608132555,0.0,0.0017987866666666665,0.5637269
0.8520912866666667,0.7260595608132555,0.0015351422222222222,0.0017987866666666665,0.5639481
0.8520912866666667,0.7260595608132555,0.0030702844444444443,0.0017987866666666665,0.56416917
0.8520912866666667,0.7260595608132555,0.0046054266666666665,0.0017987866666666665,0.5643903
0.8520912866666667,0.7260595608132555,0.006140568888888889,0.0017987866666666665,0.5646113
0.8520912866666667,0.7260595608132555,0.007675711111111111,0.0017987866666666665,0.56483245
0.8520912866666667,0.7260595608132555,0.009210853333333333,0.0017987866666666665,0.56505346
0.8520912866666667,0.7260595608132555,0.010745995555555554,0.0017987866666666665,0.5652744
0.8520912866666667,0.7260595608132555,0.012281137777777777,0.0017987866666666665,0.56549543
0.8520912866666667,0.7260595608132555,0.013816279999999998,0.0017987866666666665,0.5657164
0.9007275244444445,0.8113100732918174,0.0,0.0017987866666666665,0.5904263
0.9007275244444445,0.8113100732918174,0.0015351422222222222,0.0017987866666666665,0.59063256
0.9007275244444445,0.8113100732918174,0.0030702844444444443,0.0017987866666666665,0.59083885
0.9007275244444445,0.8113100732918174,0.0046054266666666665,0.0017987866666666665,0.5910451
0.9007275244444445,0.8113100732918174,0.006140568888888889,0.0017987866666666665,0.59125125
0.9007275244444445,0.8113100732918174,0.007675711111111111,0.0017987866666666665,0.5914575
0.9007275244444445,0.8113100732918174,0.009210853333333333,0.0017987866666666665,0.5916636
0.9007275244444445,0.8113100732918174,0.010745995555555554,0.0017987866666666665,0.59186965
0.9007275244444445,0.8113100732918174,0.012281137777777777,0.0017987866666666665,0.59207577
0.9007275244444445,0.8113100732918174,0.013816279999999998,0.0017987866666666665,0.5922818
0.9493637622222222,0.901291553020732,0.0,0.0017987866666666665,0.6166408
0.9493637622222222,0.901291553020732,0.0015351422222222222,0.0017987866666666665,0.61684006
0.9493637622222222,0.901291553020732,0.0030702844444444443,0.0017987866666666665,0.6170393
0.9493637622222222,0.901291553020732,0.0046054266666666665,0.0017987866666666665,0.61723846
0.9493637622222222,0.901291553020732,0.006140568888888889,0.0017987866666666665,0.61743754
0.9493637622222222,0.901291553020732,0.007675711111111111,0.0017987866666666665,0.6176366
0.9493637622222222,0.901291553020732,0.009210853333333333,0.0017987866666666665,0.6178357
0.9493637622222222,0.901291553020732,0.010745995555555554,0.0017987866666666665,0.61803466
0.9493637622222222,0.901291553020732,0.012281137777777777,0.0017987866666666665,0.6182336
0.9493637622222222,0.901291553020732,0.013816279999999998,0.0017987866666666665,0.61843264
0.998,0.996004,0.0,0.0017987866666666665,0.64224076
0.998,0.996004,0.0015351422222222222,0.0017987866666666665,0.6424412
0.998,0.996004,0.0030702844444444443,0.0017987866666666665,0.6426399
0.998,0.996004,0.0046054266666666665,0.0017987866666666665,0.64283514
0.998,0.996004,0.006140568888888889,0.0017987866666666665,0.6430304
0.998,0.996004,0.007675711111111111,0.0017987866666666665,0.64322555
0.998,0.996004,0.009210853333333333,0.0017987866666666665,0.64342064
0.998,0.996004,0.010745995555555554,0.0017987866666666665,0.6436157
0.998,0.996004,0.012281137777777777,0.0017987866666666665,0.64381075
0.998,0.996004,0.013816279999999998,0.0017987866666666665,0.64400387
0.56027386,0.3139067981992996,0.0,0.003597573333333333,0.48901156
0.56027386,0.3139067981992996,0.0015351422222222222,0.003597573333333333,0.48909435
0.56027386,0.3139067981992996,0.0030702844444444443,0.003597573333333333,0.4891772
0.56027386,0.3139067981992996,0.0046054266666666665,0.003597573333333333,0.48925993
0.56027386,0.3139067981992996,0.006140568888888889,0.003597573333333333,0.48934275
0.56027386,0.3139067981992996,0.007675711111111111,0.003597573333333333,0.48942554
0.56027386,0.3139067981992996,0.009210853333333333,0.003597573333333333,0.48950836
0.56027386,0.3139067981992996,0.010745995555555554,0.003597573333333333,0.48959115
0.56027386,0.3139067981992996,0.012281137777777777,0.003597573333333333,0.48967394
0.56027386,0.3139067981992996,0.013816279999999998,0.003597573333333333,0.4897568
0.6089100977777778,0.370771507175743,0.0,0.003597573333333333,0.4907969
0.6089100977777778,0.370771507175743,0.0015351422222222222,0.003597573333333333,0.4908797
0.6089100977777778,0.370771507175743,0.0030702844444444443,0.003597573333333333,0.4909625
0.6089100977777778,0.370771507175743,0.0046054266666666665,0.003597573333333333,0.49104533
0.6089100977777778,0.370771507175743,0.006140568888888889,0.003597573333333333,0.49112815
0.6089100977777778,0.370771507175743,0.007675711111111111,0.003597573333333333,0.49121097
0.6089100977777778,0.370771507175743,0.009210853333333333,0.003597573333333333,0.49129376
0.6089100977777778,0.370771507175743,0.010745995555555554,0.003597573333333333,0.49137658
0.6089100977777778,0.370771507175743,0.012281137777777777,0.003597573333333333,0.49145937
0.6089100977777778,0.370771507175743,0.013816279999999998,0.003597573333333333,0.4915422
0.6575463355555555,0.4323671834025392,0.0,0.003597573333333333,0.49285933
0.6575463355555555,0.4323671834025392,0.0015351422222222222,0.003597573333333333,0.492935
0.6575463355555555,0.4323671834025392,0.0030702844444444443,0.003597573333333333,0.49301067
0.6575463355555555,0.4323671834025392,0.0046054266666666665,0.003597573333333333,0.49308625
0.6575463355555555,0.4323671834025392,0.006140568888888889,0.003597573333333333,0.49316186
0.6575463355555555,0.4323671834025392,0.007675711111111111,0.003597573333333333,0.49323747
0.6575463355555555,0.4323671834025392,0.009210853333333333,0.003597573333333333,0.4933131
0.6575463355555555,0.4323671834025392,0.010745995555555554,0.003597573333333333,0.4933888
0.6575463355555555,0.4323671834025392,0.012281137777777777,0.003597573333333333,0.49346435
0.6575463355555555,0.4323671834025392,0.013816279999999998,0.003597573333333333,0.49353996
0.7061825733333333,0.4986938268796887,0.0,0.003597573333333333,0.49595538
0.7061825733333333,0.4986938268796887,0.0015351422222222222,0.003597573333333333,0.4960488
0.7061825733333333,0.4986938268796887,0.0030702844444444443,0.003597573333333333,0.49614224
0.7061825733333333,0.4986938268796887,0.0046054266666666665,0.003597573333333333,0.4962457
0.7061825733333333,0.4986938268796887,0.006140568888888889,0.003597573333333333,0.49636304
0.7061825733333333,0.4986938268796887,0.007675711111111111,0.003597573333333333,0.49648038
0.7061825733333333,0.4986938268796887,0.009210853333333333,0.003597573333333333,0.4965977
0.7061825733333333,0.4986938268796887,0.010745995555555554,0.003597573333333333,0.49671504
0.7061825733333333,0.4986938268796887,0.012281137777777777,0.003597573333333333,0.49683237
0.7061825733333333,0.4986938268796887,0.013816279999999998,0.003597573333333333,0.49694967
0.7548188111111112,0.5697514376071913,0.0,0.003597573333333333,0.51149625
0.7548188111111112,0.5697514376071913,0.0015351422222222222,0.003597573333333333,0.5116585
0.7548188111111112,0.5697514376071913,0.0030702844444444443,0.003597573333333333,0.51182073
0.7548188111111112,0.5697514376071913,0.0046054266666666665,0.003597573333333333,0.5119972
0.7548188111111112,0.5697514376071913,0.006140568888888889,0.003597573333333333,0.51219136
0.7548188111111112,0.5697514376071913,0.007675711111111111,0.003597573333333333,0.5123855
0.7548188111111112,0.5697514376071913,0.009210853333333333,0.003597573333333333,0.5125796
0.7548188111111112,0.5697514376071913,0.010745995555555554,0.003597573333333333,0.51277375
0.7548188111111112,0.5697514376071913,0.012281137777777777,0.003597573333333333,0.5129679
0.7548188111111112,0.5697514376071913,0.013816279999999998,0.003597573333333333,0.51316196
0.803455048888889,0.6455400155850469,0.0,0.003597573333333333,0.53643924
0.803455048888889,0.6455400155850469,0.0015351422222222222,0.003597573333333333,0.53664
0.803455048888889,0.6455400155850469,0.0030702844444444443,0.003597573333333333,0.5368408
0.803455048888889,0.6455400155850469,0.0046054266666666665,0.003597573333333333,0.53704154
0.803455048888889,0.6455400155850469,0.006140568888888889,0.003597573333333333,0.5372423
0.803455048888889,0.6455400155850469,0.007675711111111111,0.003597573333333333,0.53744304
0.803455048888889,0.6455400155850469,0.009210853333333333,0.003597573333333333,0.5376438
0.803455048888889,0.6455400155850469,0.010745995555555554,0.003597573333333333,0.5378445
0.803455048888889,0.6455400155850469,0.012281137777777777,0.003597573333333333,0.5380452
0.803455048888889,0.6455400155850469,0.013816279999999998,0.003597573333333333,0.5382459
0.8520912866666667,0.7260595608132555,0.0,0.003597573333333333,0.56237566
0.8520912866666667,0.7260595608132555,0.0015351422222222222,0.003597573333333333,0.562597
0.8520912866666667,0.7260595608132555,0.0030702844444444443,0.003597573333333333,0.5628182
0.8520912866666667,0.7260595608132555,0.0046054266666666665,0.003597573333333333,0.5630395
0.8520912866666667,0.7260595608132555,0.006140568888888889,0.003597573333333333,0.56326073
0.8520912866666667,0.7260595608132555,0.007675711111111111,0.003597573333333333,0.5634819
0.8520912866666667,0.7260595608132555,0.009210853333333333,0.003597573333333333,0.5637031
0.8520912866666667,0.7260595608132555,0.010745995555555554,0.003597573333333333,0.56392425
0.8520912866666667,0.7260595608132555,0.012281137777777777,0.003597573333333333,0.5641454
0.8520912866666667,0.7260595608132555,0.013816279999999998,0.003597573333333333,0.56436646
0.9007275244444445,0.8113100732918174,0.0,0.003597573333333333,0.58910227
0.9007275244444445,0.8113100732918174,0.0015351422222222222,0.003597573333333333,0.5893088
0.9007275244444445,0.8113100732918174,0.0030702844444444443,0.003597573333333333,0.58951527
0.9007275244444445,0.8113100732918174,0.0046054266666666665,0.003597573333333333,0.5897217
0.9007275244444445,0.8113100732918174,0.006140568888888889,0.003597573333333333,0.58992815
0.9007275244444445,0.8113100732918174,0.007675711111111111,0.003597573333333333,0.59013444
0.9007275244444445,0.8113100732918174,0.009210853333333333,0.003597573333333333,0.5903408
0.9007275244444445,0.8113100732918174,0.010745995555555554,0.003597573333333333,0.5905471
0.9007275244444445,0.8113100732918174,0.012281137777777777,0.003597573333333333,0.59075344
0.9007275244444445,0.8113100732918174,0.013816279999999998,0.003597573333333333,0.59095967
0.9493637622222222,0.901291553020732,0.0,0.003597573333333333,0.6153532
0.9493637622222222,0.901291553020732,0.0015351422222222222,0.003597573333333333,0.61555266
0.9493637622222222,0.901291553020732,0.0030702844444444443,0.003597573333333333,0.61575216
0.9493637622222222,0.901291553020732,0.0046054266666666665,0.003597573333333333,0.6159516
0.9493637622222222,0.901291553020732,0.006140568888888889,0.003597573333333333,0.616151
0.9493637622222222,0.901291553020732,0.007675711111111111,0.003597573333333333,0.6163503
0.9493637622222222,0.901291553020732,0.009210853333333333,0.003597573333333333,0.6165496
0.9493637622222222,0.901291553020732,0.010745995555555554,0.003597573333333333,0.6167488
0.9493637622222222,0.901291553020732,0.012281137777777777,0.003597573333333333,0.61694807
0.9493637622222222,0.901291553020732,0.013816279999999998,0.003597573333333333,0.61714727
0.998,0.996004,0.0,0.003597573333333333,0.6409931
0.998,0.996004,0.0015351422222222222,0.003597573333333333,0.64119595
0.998,0.996004,0.0030702844444444443,0.003597573333333333,0.641396
0.998,0.996004,0.0046054266666666665,0.003597573333333333,0.6415943
0.998,0.996004,0.006140568888888889,0.003597573333333333,0.64179254
0.998,0.996004,0.007675711111111111,0.003597573333333333,0.6419896
0.998,0.996004,0.009210853333333333,0.003597573333333333,0.64218503
0.998,0.996004,0.010745995555555554,0.003597573333333333,0.64237845
0.998,0.996004,0.012281137777777777,0.003597573333333333,0.64257145
0.998,0.996004,0.013816279999999998,0.003597573333333333,0.6427645
0.56027386,0.3139067981992996,0.0,0.005396359999999999,0.48886514
0.56027386,0.3139067981992996,0.0015351422222222222,0.005396359999999999,0.48894793
0.56027386,0.3139067981992996,0.0030702844444444443,0.005396359999999999,0.48903072
0.56027386,0.3139067981992996,0.0046054266666666665,0.005396359999999999,0.4891135
0.56027386,0.3139067981992996,0.006140568888888889,0.005396359999999999,0.48919636
0.56027386,0.3139067981992996,0.007675711111111111,0.005396359999999999,0.4892791
0.56027386,0.3139067981992996,0.009210853333333333,0.005396359999999999,0.489362
0.56027386,0.3139067981992996,0.010745995555555554,0.005396359999999999,0.4894448
0.56027386,0.3139067981992996,0.012281137777777777,0.005396359999999999,0.48952755
0.56027386,0.3139067981992996,0.013816279999999998,0.005396359999999999,0.48961037
0.6089100977777778,0.370771507175743,0.0,0.005396359999999999,0.49065048
0.6089100977777778,0.370771507175743,0.0015351422222222222,0.005396359999999999,0.49073327
0.6089100977777778,0.370771507175743,0.0030702844444444443,0.005396359999999999,0.49081606
0.6089100977777778,0.370771507175743,0.0046054266666666665,0.005396359999999999,0.4908989
0.6089100977777778,0.370771507175743,0.006140568888888889,0.005396359999999999,0.4909817
0.6089100977777778,0.370771507175743,0.007675711111111111,0.005396359999999999,0.49106455
0.6089100977777778,0.370771507175743,0.009210853333333333,0.005396359999999999,0.49114734
0.6089100977777778,0.370771507175743,0.010745995555555554,0.005396359999999999,0.49123016
0.6089100977777778,0.370771507175743,0.012281137777777777,0.005396359999999999,0.49131298
0.6089100977777778,0.370771507175743,0.013816279999999998,0.005396359999999999,0.4913958
0.6575463355555555,0.4323671834025392,0.0,0.005396359999999999,0.4926919
0.6575463355555555,0.4323671834025392,0.0015351422222222222,0.005396359999999999,0.49276757
0.6575463355555555,0.4323671834025392,0.0030702844444444443,0.005396359999999999,0.49284318
0.6575463355555555,0.4323671834025392,0.0046054266666666665,0.005396359999999999,0.49291876
0.6575463355555555,0.4323671834025392,0.006140568888888889,0.005396359999999999,0.49299443
0.6575463355555555,0.4323671834025392,0.007675711111111111,0.005396359999999999,0.49307007
0.6575463355555555,0.4323671834025392,0.009210853333333333,0.005396359999999999,0.49314573
0.6575463355555555,0.4323671834025392,0.010745995555555554,0.005396359999999999,0.49322134
0.6575463355555555,0.4323671834025392,0.012281137777777777,0.005396359999999999,0.49329692
0.6575463355555555,0.4323671834025392,0.013816279999999998,0.005396359999999999,0.49337253
0.7061825733333333,0.4986938268796887,0.0,0.005396359999999999,0.49541777
0.7061825733333333,0.4986938268796887,0.0015351422222222222,0.005396359999999999,0.49549338
0.7061825733333333,0.4986938268796887,0.0030702844444444443,0.005396359999999999,0.49556902
0.7061825733333333,0.4986938268796887,0.0046054266666666665,0.005396359999999999,0.49564463
0.7061825733333333,0.4986938268796887,0.006140568888888889,0.005396359999999999,0.4957293
0.7061825733333333,0.4986938268796887,0.007675711111111111,0.005396359999999999,0.49582878
0.7061825733333333,0.4986938268796887,0.009210853333333333,0.005396359999999999,0.49592835
0.7061825733333333,0.4986938268796887,0.010745995555555554,0.005396359999999999,0.4960278
0.7061825733333333,0.4986938268796887,0.012281137777777777,0.005396359999999999,0.4961273
0.7061825733333333,0.4986938268796887,0.013816279999999998,0.005396359999999999,0.49622688
0.7548188111111112,0.5697514376071913,0.0,0.005396359999999999,0.5104506
0.7548188111111112,0.5697514376071913,0.0015351422222222222,0.005396359999999999,0.51059973
0.7548188111111112,0.5697514376071913,0.0030702844444444443,0.005396359999999999,0.5107489
0.7548188111111112,0.5697514376071913,0.0046054266666666665,0.005396359999999999,0.51089805
0.7548188111111112,0.5697514376071913,0.006140568888888889,0.005396359999999999,0.5110472
0.7548188111111112,0.5697514376071913,0.007675711111111111,0.005396359999999999,0.5112011
0.7548188111111112,0.5697514376071913,0.009210853333333333,0.005396359999999999,0.5113821
0.7548188111111112,0.5697514376071913,0.010745995555555554,0.005396359999999999,0.5115632
0.7548188111111112,0.5697514376071913,0.012281137777777777,0.005396359999999999,0.5117442
0.7548188111111112,0.5697514376071913,0.013816279999999998,0.005396359999999999,0.5119253
0.803455048888889,0.6455400155850469,0.0,0.005396359999999999,0.5351709
0.803455048888889,0.6455400155850469,0.0015351422222222222,0.005396359999999999,0.5353718
0.803455048888889,0.6455400155850469,0.0030702844444444443,0.005396359999999999,0.53557265
0.803455048888889,0.6455400155850469,0.0046054266666666665,0.005396359999999999,0.53577346
0.803455048888889,0.6455400155850469,0.006140568888888889,0.005396359999999999,0.5359743
0.803455048888889,0.6455400155850469,0.007675711111111111,0.005396359999999999,0.53617513
0.803455048888889,0.6455400155850469,0.009210853333333333,0.005396359999999999,0.53637594
0.803455048888889,0.6455400155850469,0.010745995555555554,0.005396359999999999,0.53657675
0.803455048888889,0.6455400155850469,0.012281137777777777,0.005396359999999999,0.5367775
0.803455048888889,0.6455400155850469,0.013816279999999998,0.005396359999999999,0.5369783
0.8520912866666667,0.7260595608132555,0.0,0.005396359999999999,0.5610235
0.8520912866666667,0.7260595608132555,0.0015351422222222222,0.005396359999999999,0.5612449
0.8520912866666667,0.7260595608132555,0.0030702844444444443,0.005396359999999999,0.56146634
0.8520912866666667,0.7260595608132555,0.0046054266666666665,0.005396359999999999,0.56168777
0.8520912866666667,0.7260595608132555,0.006140568888888889,0.005396359999999999,0.56190914
0.8520912866666667,0.7260595608132555,0.007675711111111111,0.005396359999999999,0.5621305
0.8520912866666667,0.7260595608132555,0.009210853333333333,0.005396359999999999,0.5623518
0.8520912866666667,0.7260595608132555,0.010745995555555554,0.005396359999999999,0.56257313
0.8520912866666667,0.7260595608132555,0.012281137777777777,0.005396359999999999,0.5627944
0.8520912866666667,0.7260595608132555,0.013816279999999998,0.005396359999999999,0.56301564
0.9007275244444445,0.8113100732918174,0.0,0.005396359999999999,0.587777
0.9007275244444445,0.8113100732918174,0.0015351422222222222,0.005396359999999999,0.58798367
0.9007275244444445,0.8113100732918174,0.0030702844444444443,0.005396359999999999,0.5881904
0.9007275244444445,0.8113100732918174,0.0046054266666666665,0.005396359999999999,0.588397
0.9007275244444445,0.8113100732918174,0.006140568888888889,0.005396359999999999,0.5886036
0.9007275244444445,0.8113100732918174,0.007675711111111111,0.005396359999999999,0.5888102
0.9007275244444445,0.8113100732918174,0.009210853333333333,0.005396359999999999,0.58901674
0.9007275244444445,0.8113100732918174,0.010745995555555554,0.005396359999999999,0.58922327
0.9007275244444445,0.8113100732918174,0.012281137777777777,0.005396359999999999,0.58942974
0.9007275244444445,0.8113100732918174,0.013816279999999998,0.005396359999999999,0.5896362
0.9493637622222222,0.901291553020732,0.0,0.005396359999999999,0.614064
0.9493637622222222,0.901291553020732,0.0015351422222222222,0.005396359999999999,0.6142637
0.9493637622222222,0.901291553020732,0.0030702844444444443,0.005396359999999999,0.61446345
0.9493637622222222,0.901291553020732,0.0046054266666666665,0.005396359999999999,0.6146631
0.9493637622222222,0.901291553020732,0.006140568888888889,0.005396359999999999,0.61486274
0.9493637622222222,0.901291553020732,0.007675711111111111,0.005396359999999999,0.61506236
0.9493637622222222,0.901291553020732,0.009210853333333333,0.005396359999999999,0.61526185
0.9493637622222222,0.901291553020732,0.010745995555555554,0.005396359999999999,0.61546135
0.9493637622222222,0.901291553020732,0.012281137777777777,0.005396359999999999,0.61566085
0.9493637622222222,0.901291553020732,0.013816279999999998,0.005396359999999999,0.6158603
0.998,0.996004,0.0,0.005396359999999999,0.63973963
0.998,0.996004,0.0015351422222222222,0.005396359999999999,0.6399487
0.998,0.996004,0.0030702844444444443,0.005396359999999999,0.64014935
0.998,0.996004,0.0046054266666666665,0.005396359999999999,0.64034885
0.998,0.996004,0.006140568888888889,0.005396359999999999,0.64054734
0.998,0.996004,0.007675711111111111,0.005396359999999999,0.64074385
0.998,0.996004,0.009210853333333333,0.005396359999999999,0.64094007
0.998,0.996004,0.010745995555555554,0.005396359999999999,0.64113617
0.998,0.996004,0.012281137777777777,0.005396359999999999,0.64132994
0.998,0.996004,0.013816279999999998,0.005396359999999999,0.64152324
0.56027386,0.3139067981992996,0.0,0.007195146666666666,0.4887187
0.56027386,0.3139067981992996,0.0015351422222222222,0.007195146666666666,0.4888015
0.56027386,0.3139067981992996,0.0030702844444444443,0.007195146666666666,0.48888433
0.56027386,0.3139067981992996,0.0046054266666666665,0.007195146666666666,0.4889671
0.56027386,0.3139067981992996,0.006140568888888889,0.007195146666666666,0.48904994
0.56027386,0.3139067981992996,0.007675711111111111,0.007195146666666666,0.48913273
0.56027386,0.3139067981992996,0.009210853333333333,0.007195146666666666,0.48921552
0.56027386,0.3139067981992996,0.010745995555555554,0.007195146666666666,0.48929834
0.56027386,0.3139067981992996,0.012281137777777777,0.007195146666666666,0.48938116
0.56027386,0.3139067981992996,0.013816279999999998,0.007195146666666666,0.48946398
0.6089100977777778,0.370771507175743,0.0,0.007195146666666666,0.49050406
0.6089100977777778,0.370771507175743,0.0015351422222222222,0.007195146666666666,0.49058682
0.6089100977777778,0.370771507175743,0.0030702844444444443,0.007195146666666666,0.49066964
0.6089100977777778,0.370771507175743,0.0046054266666666665,0.007195146666666666,0.49075243
0.6089100977777778,0.370771507175743,0.006140568888888889,0.007195146666666666,0.49083525
0.6089100977777778,0.370771507175743,0.007675711111111111,0.007195146666666666,0.4909181
0.6089100977777778,0.370771507175743,0.009210853333333333,0.007195146666666666,0.4910009
0.6089100977777778,0.370771507175743,0.010745995555555554,0.007195146666666666,0.49108374
0.6089100977777778,0.370771507175743,0.012281137777777777,0.007195146666666666,0.49116656
0.6089100977777778,0.370771507175743,0.013816279999999998,0.007195146666666666,0.49124938
0.6575463355555555,0.4323671834025392,0.0,0.007195146666666666,0.49252447
0.6575463355555555,0.4323671834025392,0.0015351422222222222,0.007195146666666666,0.49260014
0.6575463355555555,0.4323671834025392,0.0030702844444444443,0.007195146666666666,0.49267572
0.6575463355555555,0.4323671834025392,0.0046054266666666665,0.007195146666666666,0.49275142
0.6575463355555555,0.4323671834025392,0.006140568888888889,0.007195146666666666,0.49282703
0.6575463355555555,0.4323671834025392,0.007675711111111111,0.007195146666666666,0.4929026
0.6575463355555555,0.4323671834025392,0.009210853333333333,0.007195146666666666,0.49297822
0.6575463355555555,0.4323671834025392,0.010745995555555554,0.007195146666666666,0.4930539
0.6575463355555555,0.4323671834025392,0.012281137777777777,0.007195146666666666,0.4931295
0.6575463355555555,0.4323671834025392,0.013816279999999998,0.007195146666666666,0.4932051
0.7061825733333333,0.4986938268796887,0.0,0.007195146666666666,0.49525028
0.7061825733333333,0.4986938268796887,0.0015351422222222222,0.007195146666666666,0.49532592
0.7061825733333333,0.4986938268796887,0.0030702844444444443,0.007195146666666666,0.49540156
0.7061825733333333,0.4986938268796887,0.0046054266666666665,0.007195146666666666,0.49547717
0.7061825733333333,0.4986938268796887,0.006140568888888889,0.007195146666666666,0.4955528
0.7061825733333333,0.4986938268796887,0.007675711111111111,0.007195146666666666,0.49563643
0.7061825733333333,0.4986938268796887,0.009210853333333333,0.007195146666666666,0.49573597
0.7061825733333333,0.4986938268796887,0.010745995555555554,0.007195146666666666,0.49583548
0.7061825733333333,0.4986938268796887,0.012281137777777777,0.007195146666666666,0.49593502
0.7061825733333333,0.4986938268796887,0.013816279999999998,0.007195146666666666,0.4960345
0.7548188111111112,0.5697514376071913,0.0,0.007195146666666666,0.50949013
0.7548188111111112,0.5697514376071913,0.0015351422222222222,0.007195146666666666,0.5096371
0.7548188111111112,0.5697514376071913,0.0030702844444444443,0.007195146666666666,0.50978416
0.7548188111111112,0.5697514376071913,0.0046054266666666665,0.007195146666666666,0.50993115
0.7548188111111112,0.5697514376071913,0.006140568888888889,0.007195146666666666,0.5100782
0.7548188111111112,0.5697514376071913,0.007675711111111111,0.007195146666666666,0.5102251
0.7548188111111112,0.5697514376071913,0.009210853333333333,0.007195146666666666,0.5103721
0.7548188111111112,0.5697514376071913,0.010745995555555554,0.007195146666666666,0.5105198
0.7548188111111112,0.5697514376071913,0.012281137777777777,0.007195146666666666,0.510696
0.7548188111111112,0.5697514376071913,0.013816279999999998,0.007195146666666666,0.51087713
0.803455048888889,0.6455400155850469,0.0,0.007195146666666666,0.5339021
0.803455048888889,0.6455400155850469,0.0015351422222222222,0.007195146666666666,0.53410304
0.803455048888889,0.6455400155850469,0.0030702844444444443,0.007195146666666666,0.534304
0.803455048888889,0.6455400155850469,0.0046054266666666665,0.007195146666666666,0.53450495
0.803455048888889,0.6455400155850469,0.006140568888888889,0.007195146666666666,0.5347058
0.803455048888889,0.6455400155850469,0.007675711111111111,0.007195146666666666,0.5349067
0.803455048888889,0.6455400155850469,0.009210853333333333,0.007195146666666666,0.5351076
0.803455048888889,0.6455400155850469,0.010745995555555554,0.007195146666666666,0.5353085
0.803455048888889,0.6455400155850469,0.012281137777777777,0.007195146666666666,0.5355093
0.803455048888889,0.6455400155850469,0.013816279999999998,0.007195146666666666,0.53571016
0.8520912866666667,0.7260595608132555,0.0,0.007195146666666666,0.5596704
0.8520912866666667,0.7260595608132555,0.0015351422222222222,0.007195146666666666,0.55989194
0.8520912866666667,0.7260595608132555,0.0030702844444444443,0.007195146666666666,0.56011355
0.8520912866666667,0.7260595608132555,0.0046054266666666665,0.007195146666666666,0.56033504
0.8520912866666667,0.7260595608132555,0.006140568888888889,0.007195146666666666,0.5605566
0.8520912866666667,0.7260595608132555,0.007675711111111111,0.007195146666666666,0.56077814
0.8520912866666667,0.7260595608132555,0.009210853333333333,0.007195146666666666,0.56099963
0.8520912866666667,0.7260595608132555,0.010745995555555554,0.007195146666666666,0.56122106
0.8520912866666667,0.7260595608132555,0.012281137777777777,0.007195146666666666,0.5614425
0.8520912866666667,0.7260595608132555,0.013816279999999998,0.007195146666666666,0.5616639
0.9007275244444445,0.8113100732918174,0.0,0.007195146666666666,0.5864504
0.9007275244444445,0.8113100732918174,0.0015351422222222222,0.007195146666666666,0.5866574
0.9007275244444445,0.8113100732918174,0.0030702844444444443,0.007195146666666666,0.58686423
0.9007275244444445,0.8113100732918174,0.0046054266666666665,0.007195146666666666,0.58707106
0.9007275244444445,0.8113100732918174,0.006140568888888889,0.007195146666666666,0.5872778
0.9007275244444445,0.8113100732918174,0.007675711111111111,0.007195146666666666,0.58748466
0.9007275244444445,0.8113100732918174,0.009210853333333333,0.007195146666666666,0.58769137
0.9007275244444445,0.8113100732918174,0.010745995555555554,0.007195146666666666,0.5878981
0.9007275244444445,0.8113100732918174,0.012281137777777777,0.007195146666666666,0.5881048
0.9007275244444445,0.8113100732918174,0.013816279999999998,0.007195146666666666,0.58831143
0.9493637622222222,0.901291553020732,0.0,0.007195146666666666,0.6127731
0.9493637622222222,0.901291553020732,0.0015351422222222222,0.007195146666666666,0.6129731
0.9493637622222222,0.901291553020732,0.0030702844444444443,0.007195146666666666,0.6131731
0.9493637622222222,0.901291553020732,0.0046054266666666665,0.007195146666666666,0.613373
0.9493637622222222,0.901291553020732,0.006140568888888889,0.007195146666666666,0.6135729
0.9493637622222222,0.901291553020732,0.007675711111111111,0.007195146666666666,0.6137727
0.9493637622222222,0.901291553020732,0.009210853333333333,0.007195146666666666,0.6139725
0.9493637622222222,0.901291553020732,0.010745995555555554,0.007195146666666666,0.6141723
0.9493637622222222,0.901291553020732,0.012281137777777777,0.007195146666666666,0.61437196
0.9493637622222222,0.901291553020732,0.013816279999999998,0.007195146666666666,0.61457163
0.998,0.996004,0.0,0.007195146666666666,0.63848406
0.998,0.996004,0.0015351422222222222,0.007195146666666666,0.6386949
0.998,0.996004,0.0030702844444444443,0.007195146666666666,0.6389005
0.998,0.996004,0.0046054266666666665,0.007195146666666666,0.6390993
0.998,0.996004,0.006140568888888889,0.007195146666666666,0.639296
0.998,0.996004,0.007675711111111111,0.007195146666666666,0.6394925
0.998,0.996004,0.009210853333333333,0.007195146666666666,0.6396889
0.998,0.996004,0.010745995555555554,0.007195146666666666,0.63988537
0.998,0.996004,0.012281137777777777,0.007195146666666666,0.64008176
0.998,0.996004,0.013816279999999998,0.007195146666666666,0.64027816
0.56027386,0.3139067981992996,0.0,0.008993933333333332,0.48857233
0.56027386,0.3139067981992996,0.0015351422222222222,0.008993933333333332,0.48865515
0.56027386,0.3139067981992996,0.0030702844444444443,0.008993933333333332,0.48873794
0.56027386,0.3139067981992996,0.0046054266666666665,0.008993933333333332,0.48882076
0.56027386,0.3139067981992996,0.006140568888888889,0.008993933333333332,0.4889035
0.56027386,0.3139067981992996,0.007675711111111111,0.008993933333333332,0.48898637
0.56027386,0.3139067981992996,0.009210853333333333,0.008993933333333332,0.48906916
0.56027386,0.3139067981992996,0.010745995555555554,0.008993933333333332,0.48915195
0.56027386,0.3139067981992996,0.012281137777777777,0.008993933333333332,0.4892347
0.56027386,0.3139067981992996,0.013816279999999998,0.008993933333333332,0.48931757
0.6089100977777778,0.370771507175743,0.0,0.008993933333333332,0.49035758
0.6089100977777778,0.370771507175743,0.0015351422222222222,0.008993933333333332,0.49044037
0.6089100977777778,0.370771507175743,0.0030702844444444443,0.008993933333333332,0.4905232
0.6089100977777778,0.370771507175743,0.0046054266666666665,0.008993933333333332,0.49060604
0.6089100977777778,0.370771507175743,0.006140568888888889,0.008993933333333332,0.49068883
0.6089100977777778,0.370771507175743,0.007675711111111111,0.008993933333333332,0.49077162
0.6089100977777778,0.370771507175743,0.009210853333333333,0.008993933333333332,0.49085444
0.6089100977777778,0.370771507175743,0.010745995555555554,0.008993933333333332,0.4909373
0.6089100977777778,0.370771507175743,0.012281137777777777,0.008993933333333332,0.4910201
0.6089100977777778,0.370771507175743,0.013816279999999998,0.008993933333333332,0.49110293
0.6575463355555555,0.4323671834025392,0.0,0.008993933333333332,0.49235705
0.6575463355555555,0.4323671834025392,0.0015351422222222222,0.008993933333333332,0.49243265
0.6575463355555555,0.4323671834025392,0.0030702844444444443,0.008993933333333332,0.4925083
0.6575463355555555,0.4323671834025392,0.0046054266666666665,0.008993933333333332,0.49258393
0.6575463355555555,0.4323671834025392,0.006140568888888889,0.008993933333333332,0.49265957
0.6575463355555555,0.4323671834025392,0.007675711111111111,0.008993933333333332,0.4927352
0.6575463355555555,0.4323671834025392,0.009210853333333333,0.008993933333333332,0.49281082
0.6575463355555555,0.4323671834025392,0.010745995555555554,0.008993933333333332,0.49288645
0.6575463355555555,0.4323671834025392,0.012281137777777777,0.008993933333333332,0.49296206
0.6575463355555555,0.4323671834025392,0.013816279999999998,0.008993933333333332,0.49303767
0.7061825733333333,0.4986938268796887,0.0,0.008993933333333332,0.49508283
0.7061825733333333,0.4986938268796887,0.0015351422222222222,0.008993933333333332,0.49515843
0.7061825733333333,0.4986938268796887,0.0030702844444444443,0.008993933333333332,0.4952341
0.7061825733333333,0.4986938268796887,0.0046054266666666665,0.008993933333333332,0.49530977
0.7061825733333333,0.4986938268796887,0.006140568888888889,0.008993933333333332,0.49538535
0.7061825733333333,0.4986938268796887,0.007675711111111111,0.008993933333333332,0.49546096
0.7061825733333333,0.4986938268796887,0.009210853333333333,0.008993933333333332,0.49554363
0.7061825733333333,0.4986938268796887,0.010745995555555554,0.008993933333333332,0.4956431
0.7061825733333333,0.4986938268796887,0.012281137777777777,0.008993933333333332,0.49574265
0.7061825733333333,0.4986938268796887,0.013816279999999998,0.008993933333333332,0.49584216
0.7548188111111112,0.5697514376071913,0.0,0.008993933333333332,0.50858057
0.7548188111111112,0.5697514376071913,0.0015351422222222222,0.008993933333333332,0.5087276
0.7548188111111112,0.5697514376071913,0.0030702844444444443,0.008993933333333332,0.50887465
0.7548188111111112,0.5697514376071913,0.0046054266666666665,0.008993933333333332,0.50902164
0.7548188111111112,0.5697514376071913,0.006140568888888889,0.008993933333333332,0.5091686
0.7548188111111112,0.5697514376071913,0.007675711111111111,0.008993933333333332,0.50931567
0.7548188111111112,0.5697514376071913,0.009210853333333333,0.008993933333333332,0.50946265
0.7548188111111112,0.5697514376071913,0.010745995555555554,0.008993933333333332,0.50960964
0.7548188111111112,0.5697514376071913,0.012281137777777777,0.008993933333333332,0.5097566
0.7548188111111112,0.5697514376071913,0.013816279999999998,0.008993933333333332,0.50990367
0.803455048888889,0.6455400155850469,0.0,0.008993933333333332,0.5326329
0.803455048888889,0.6455400155850469,0.0015351422222222222,0.008993933333333332,0.53283393
0.803455048888889,0.6455400155850469,0.0030702844444444443,0.008993933333333332,0.5330349
0.803455048888889,0.6455400155850469,0.0046054266666666665,0.008993933333333332,0.5332359
0.803455048888889,0.6455400155850469,0.006140568888888889,0.008993933333333332,0.53343683
0.803455048888889,0.6455400155850469,0.007675711111111111,0.008993933333333332,0.5336379
0.803455048888889,0.6455400155850469,0.009210853333333333,0.008993933333333332,0.53383875
0.803455048888889,0.6455400155850469,0.010745995555555554,0.008993933333333332,0.53403974
0.803455048888889,0.6455400155850469,0.012281137777777777,0.008993933333333332,0.53424066
0.803455048888889,0.6455400155850469,0.013816279999999998,0.008993933333333332,0.5344416
0.8520912866666667,0.7260595608132555,0.0,0.008993933333333332,0.55831635
0.8520912866666667,0.7260595608132555,0.0015351422222222222,0.008993933333333332,0.55853814
0.8520912866666667,0.7260595608132555,0.0030702844444444443,0.008993933333333332,0.55875987
0.8520912866666667,0.7260595608132555,0.0046054266666666665,0.008993933333333332,0.55898154
0.8520912866666667,0.7260595608132555,0.006140568888888889,0.008993933333333332,0.5592032
0.8520912866666667,0.7260595608132555,0.007675711111111111,0.008993933333333332,0.5594248
0.8520912866666667,0.7260595608132555,0.009210853333333333,0.008993933333333332,0.5596465
0.8520912866666667,0.7260595608132555,0.010745995555555554,0.008993933333333332,0.5598681
0.8520912866666667,0.7260595608132555,0.012281137777777777,0.008993933333333332,0.56008965
0.8520912866666667,0.7260595608132555,0.013816279999999998,0.008993933333333332,0.56031126
0.9007275244444445,0.8113100732918174,0.0,0.008993933333333332,0.5851205
0.9007275244444445,0.8113100732918174,0.0015351422222222222,0.008993933333333332,0.5853298
0.9007275244444445,0.8113100732918174,0.0030702844444444443,0.008993933333333332,0.58553684
0.9007275244444445,0.8113100732918174,0.0046054266666666665,0.008993933333333332,0.58574384
0.9007275244444445,0.8113100732918174,0.006140568888888889,0.008993933333333332,0.58595085
0.9007275244444445,0.8113100732918174,0.007675711111111111,0.008993933333333332,0.58615786
0.9007275244444445,0.8113100732918174,0.009210853333333333,0.008993933333333332,0.58636475
0.9007275244444445,0.8113100732918174,0.010745995555555554,0.008993933333333332,0.58657163
0.9007275244444445,0.8113100732918174,0.012281137777777777,0.008993933333333332,0.5867785
0.9007275244444445,0.8113100732918174,0.013816279999999998,0.008993933333333332,0.5869854
0.9493637622222222,0.901291553020732,0.0,0.008993933333333332,0.6114807
0.9493637622222222,0.901291553020732,0.0015351422222222222,0.008993933333333332,0.611681
0.9493637622222222,0.901291553020732,0.0030702844444444443,0.008993933333333332,0.61188114
0.9493637622222222,0.901291553020732,0.0046054266666666665,0.008993933333333332,0.61208135
0.9493637622222222,0.901291553020732,0.006140568888888889,0.008993933333333332,0.6122814
0.9493637622222222,0.901291553020732,0.007675711111111111,0.008993933333333332,0.61248153
0.9493637622222222,0.901291553020732,0.009210853333333333,0.008993933333333332,0.61268157
0.9493637622222222,0.901291553020732,0.010745995555555554,0.008993933333333332,0.61288154
0.9493637622222222,0.901291553020732,0.012281137777777777,0.008993933333333332,0.6130815
0.9493637622222222,0.901291553020732,0.013816279999999998,0.008993933333333332,0.6132815
0.998,0.996004,0.0,0.008993933333333332,0.63722664
0.998,0.996004,0.0015351422222222222,0.008993933333333332,0.6374359
0.998,0.996004,0.0030702844444444443,0.008993933333333332,0.63764423
0.998,0.996004,0.0046054266666666665,0.008993933333333332,0.6378443
0.998,0.996004,0.006140568888888889,0.008993933333333332,0.63804245
0.998,0.996004,0.007675711111111111,0.008993933333333332,0.6382392
0.998,0.996004,0.009210853333333333,0.008993933333333332,0.6384361
0.998,0.996004,0.010745995555555554,0.008993933333333332,0.6386328
0.998,0.996004,0.012281137777777777,0.008993933333333332,0.6388294
0.998,0.996004,0.013816279999999998,0.008993933333333332,0.6390261
0.56027386,0.3139067981992996,0.0,0.010792719999999999,0.48842594
0.56027386,0.3139067981992996,0.0015351422222222222,0.010792719999999999,0.4885087
0.56027386,0.3139067981992996,0.0030702844444444443,0.010792719999999999,0.4885915
0.56027386,0.3139067981992996,0.0046054266666666665,0.010792719999999999,0.48867434
0.56027386,0.3139067981992996,0.006140568888888889,0.010792719999999999,0.48875713
0.56027386,0.3139067981992996,0.007675711111111111,0.010792719999999999,0.4888399
0.56027386,0.3139067981992996,0.009210853333333333,0.010792719999999999,0.48892274
0.56027386,0.3139067981992996,0.010745995555555554,0.010792719999999999,0.4890055
0.56027386,0.3139067981992996,0.012281137777777777,0.010792719999999999,0.48908833
0.56027386,0.3139067981992996,0.013816279999999998,0.010792719999999999,0.48917115
0.6089100977777778,0.370771507175743,0.0,0.010792719999999999,0.49021116
0.6089100977777778,0.370771507175743,0.0015351422222222222,0.010792719999999999,0.49029395
0.6089100977777778,0.370771507175743,0.0030702844444444443,0.010792719999999999,0.4903768
0.6089100977777778,0.370771507175743,0.0046054266666666665,0.010792719999999999,0.4904596
0.6089100977777778,0.370771507175743,0.006140568888888889,0.010792719999999999,0.4905424
0.6089100977777778,0.370771507175743,0.007675711111111111,0.010792719999999999,0.49062523
0.6089100977777778,0.370771507175743,0.009210853333333333,0.010792719999999999,0.49070805
0.6089100977777778,0.370771507175743,0.010745995555555554,0.010792719999999999,0.49079084
0.6089100977777778,0.370771507175743,0.012281137777777777,0.010792719999999999,0.49087366
0.6089100977777778,0.370771507175743,0.013816279999999998,0.010792719999999999,0.4909565
0.6575463355555555,0.4323671834025392,0.0,0.010792719999999999,0.49218962
0.6575463355555555,0.4323671834025392,0.0015351422222222222,0.010792719999999999,0.49226528
0.6575463355555555,0.4323671834025392,0.0030702844444444443,0.010792719999999999,0.49234086
0.6575463355555555,0.4323671834025392,0.0046054266666666665,0.010792719999999999,0.49241647
0.6575463355555555,0.4323671834025392,0.006140568888888889,0.010792719999999999,0.4924921
0.6575463355555555,0.4323671834025392,0.007675711111111111,0.010792719999999999,0.49256775
0.6575463355555555,0.4323671834025392,0.009210853333333333,0.010792719999999999,0.49264336
0.6575463355555555,0.4323671834025392,0.010745995555555554,0.010792719999999999,0.492719
0.6575463355555555,0.4323671834025392,0.012281137777777777,0.010792719999999999,0.4927946
0.6575463355555555,0.4323671834025392,0.013816279999999998,0.010792719999999999,0.49287024
0.7061825733333333,0.4986938268796887,0.0,0.010792719999999999,0.4949154
0.7061825733333333,0.4986938268796887,0.0015351422222222222,0.010792719999999999,0.49499097
0.7061825733333333,0.4986938268796887,0.0030702844444444443,0.010792719999999999,0.4950667
0.7061825733333333,0.4986938268796887,0.0046054266666666665,0.010792719999999999,0.4951423
0.7061825733333333,0.4986938268796887,0.006140568888888889,0.010792719999999999,0.4952179
0.7061825733333333,0.4986938268796887,0.007675711111111111,0.010792719999999999,0.49529353
0.7061825733333333,0.4986938268796887,0.009210853333333333,0.010792719999999999,0.49536917
0.7061825733333333,0.4986938268796887,0.010745995555555554,0.010792719999999999,0.4954508
0.7061825733333333,0.4986938268796887,0.012281137777777777,0.010792719999999999,0.4955503
0.7061825733333333,0.4986938268796887,0.013816279999999998,0.010792719999999999,0.49564978
0.7548188111111112,0.5697514376071913,0.0,0.010792719999999999,0.507671
0.7548188111111112,0.5697514376071913,0.0015351422222222222,0.010792719999999999,0.507818
0.7548188111111112,0.5697514376071913,0.0030702844444444443,0.010792719999999999,0.507965
0.7548188111111112,0.5697514376071913,0.0046054266666666665,0.010792719999999999,0.508112
0.7548188111111112,0.5697514376071913,0.006140568888888889,0.010792719999999999,0.50825906
0.7548188111111112,0.5697514376071913,0.007675711111111111,0.010792719999999999,0.5084061
0.7548188111111112,0.5697514376071913,0.009210853333333333,0.010792719999999999,0.5085531
0.7548188111111112,0.5697514376071913,0.010745995555555554,0.010792719999999999,0.5087001
0.7548188111111112,0.5697514376071913,0.012281137777777777,0.010792719999999999,0.5088471
0.7548188111111112,0.5697514376071913,0.013816279999999998,0.010792719999999999,0.5089941
0.803455048888889,0.6455400155850469,0.0,0.010792719999999999,0.53136325
0.803455048888889,0.6455400155850469,0.0015351422222222222,0.010792719999999999,0.53156435
0.803455048888889,0.6455400155850469,0.0030702844444444443,0.010792719999999999,0.5317654
0.803455048888889,0.6455400155850469,0.0046054266666666665,0.010792719999999999,0.53196645
0.803455048888889,0.6455400155850469,0.006140568888888889,0.010792719999999999,0.5321675
0.803455048888889,0.6455400155850469,0.007675711111111111,0.010792719999999999,0.53236854
0.803455048888889,0.6455400155850469,0.009210853333333333,0.010792719999999999,0.5325696
0.803455048888889,0.6455400155850469,0.010745995555555554,0.010792719999999999,0.5327706
0.803455048888889,0.6455400155850469,0.012281137777777777,0.010792719999999999,0.53297156
0.803455048888889,0.6455400155850469,0.013816279999999998,0.010792719999999999,0.5331726
0.8520912866666667,0.7260595608132555,0.0,0.010792719999999999,0.55696154
0.8520912866666667,0.7260595608132555,0.0015351422222222222,0.010792719999999999,0.5571834
0.8520912866666667,0.7260595608132555,0.0030702844444444443,0.010792719999999999,0.55740523
0.8520912866666667,0.7260595608132555,0.0046054266666666665,0.010792719999999999,0.5576271
0.8520912866666667,0.7260595608132555,0.006140568888888889,0.010792719999999999,0.5578489
0.8520912866666667,0.7260595608132555,0.007675711111111111,0.010792719999999999,0.5580707
0.8520912866666667,0.7260595608132555,0.009210853333333333,0.010792719999999999,0.55829245
0.8520912866666667,0.7260595608132555,0.010745995555555554,0.010792719999999999,0.55851424
0.8520912866666667,0.7260595608132555,0.012281137777777777,0.010792719999999999,0.55873597
0.8520912866666667,0.7260595608132555,0.013816279999999998,0.010792719999999999,0.55895644
0.9007275244444445,0.8113100732918174,0.0,0.010792719999999999,0.5837885
0.9007275244444445,0.8113100732918174,0.0015351422222222222,0.010792719999999999,0.5839983
0.9007275244444445,0.8113100732918174,0.0030702844444444443,0.010792719999999999,0.58420813
0.9007275244444445,0.8113100732918174,0.0046054266666666665,0.010792719999999999,0.5844154
0.9007275244444445,0.8113100732918174,0.006140568888888889,0.010792719999999999,0.58462256
0.9007275244444445,0.8113100732918174,0.007675711111111111,0.010792719999999999,0.58482975
0.9007275244444445,0.8113100732918174,0.009210853333333333,0.010792719999999999,0.5850369
0.9007275244444445,0.8113100732918174,0.010745995555555554,0.010792719999999999,0.585244
0.9007275244444445,0.8113100732918174,0.012281137777777777,0.010792719999999999,0.585451
0.9007275244444445,0.8113100732918174,0.013816279999999998,0.010792719999999999,0.5856581
0.9493637622222222,0.901291553020732,0.0,0.010792719999999999,0.61018676
0.9493637622222222,0.901291553020732,0.0015351422222222222,0.010792719999999999,0.61038727
0.9493637622222222,0.901291553020732,0.0030702844444444443,0.010792719999999999,0.61058766
0.9493637622222222,0.901291553020732,0.0046054266666666665,0.010792719999999999,0.61078805
0.9493637622222222,0.901291553020732,0.006140568888888889,0.010792719999999999,0.6109884
0.9493637622222222,0.901291553020732,0.007675711111111111,0.010792719999999999,0.61118877
0.9493637622222222,0.901291553020732,0.009210853333333333,0.010792719999999999,0.611389
0.9493637622222222,0.901291553020732,0.010745995555555554,0.010792719999999999,0.61158925
0.9493637622222222,0.901291553020732,0.012281137777777777,0.010792719999999999,0.6117895
0.9493637622222222,0.901291553020732,0.013816279999999998,0.010792719999999999,0.6119897
0.998,0.996004,0.0,0.010792719999999999,0.6359629
0.998,0.996004,0.0015351422222222222,0.010792719999999999,0.63617224
0.998,0.996004,0.0030702844444444443,0.010792719999999999,0.6363813
0.998,0.996004,0.0046054266666666665,0.010792719999999999,0.63658744
0.998,0.996004,0.006140568888888889,0.010792719999999999,0.6367865
0.998,0.996004,0.007675711111111111,0.010792719999999999,0.6369841
0.998,0.996004,0.009210853333333333,0.010792719999999999,0.6371812
0.998,0.996004,0.010745995555555554,0.010792719999999999,0.6373782
0.998,0.996004,0.012281137777777777,0.010792719999999999,0.6375752
0.998,0.996004,0.013816279999999998,0.010792719999999999,0.63777214
0.56027386,0.3139067981992996,0.0,0.012591506666666665,0.48827952
0.56027386,0.3139067981992996,0.0015351422222222222,0.012591506666666665,0.48836234
0.56027386,0.3139067981992996,0.0030702844444444443,0.012591506666666665,0.4884451
0.56027386,0.3139067981992996,0.0046054266666666665,0.012591506666666665,0.4885279
0.56027386,0.3139067981992996,0.006140568888888889,0.012591506666666665,0.48861074
0.56027386,0.3139067981992996,0.007675711111111111,0.012591506666666665,0.4886935
0.56027386,0.3139067981992996,0.009210853333333333,0.012591506666666665,0.48877633
0.56027386,0.3139067981992996,0.010745995555555554,0.012591506666666665,0.48885915
0.56027386,0.3139067981992996,0.012281137777777777,0.012591506666666665,0.4889419
0.56027386,0.3139067981992996,0.013816279999999998,0.012591506666666665,0.48902473
0.6089100977777778,0.370771507175743,0.0,0.012591506666666665,0.4900647
0.6089100977777778,0.370771507175743,0.0015351422222222222,0.012591506666666665,0.49014756
0.6089100977777778,0.370771507175743,0.0030702844444444443,0.012591506666666665,0.49023035
0.6089100977777778,0.370771507175743,0.0046054266666666665,0.012591506666666665,0.49031317
0.6089100977777778,0.370771507175743,0.006140568888888889,0.012591506666666665,0.490396
0.6089100977777778,0.370771507175743,0.007675711111111111,0.012591506666666665,0.4904788
0.6089100977777778,0.370771507175743,0.009210853333333333,0.012591506666666665,0.49056163
0.6089100977777778,0.370771507175743,0.010745995555555554,0.012591506666666665,0.4906444
0.6089100977777778,0.370771507175743,0.012281137777777777,0.012591506666666665,0.49072722
0.6089100977777778,0.370771507175743,0.013816279999999998,0.012591506666666665,0.4908101
0.6575463355555555,0.4323671834025392,0.0,0.012591506666666665,0.49202216
0.6575463355555555,0.4323671834025392,0.0015351422222222222,0.012591506666666665,0.49209785
0.6575463355555555,0.4323671834025392,0.0030702844444444443,0.012591506666666665,0.49217343
0.6575463355555555,0.4323671834025392,0.0046054266666666665,0.012591506666666665,0.4922491
0.6575463355555555,0.4323671834025392,0.006140568888888889,0.012591506666666665,0.49232468
0.6575463355555555,0.4323671834025392,0.007675711111111111,0.012591506666666665,0.4924003
0.6575463355555555,0.4323671834025392,0.009210853333333333,0.012591506666666665,0.4924759
0.6575463355555555,0.4323671834025392,0.010745995555555554,0.012591506666666665,0.49255154
0.6575463355555555,0.4323671834025392,0.012281137777777777,0.012591506666666665,0.4926272
0.6575463355555555,0.4323671834025392,0.013816279999999998,0.012591506666666665,0.49270278
0.7061825733333333,0.4986938268796887,0.0,0.012591506666666665,0.49474797
0.7061825733333333,0.4986938268796887,0.0015351422222222222,0.012591506666666665,0.49482355
0.7061825733333333,0.4986938268796887,0.0030702844444444443,0.012591506666666665,0.49489915
0.7061825733333333,0.4986938268796887,0.0046054266666666665,0.012591506666666665,0.49497485
0.7061825733333333,0.4986938268796887,0.006140568888888889,0.012591506666666665,0.49505043
0.7061825733333333,0.4986938268796887,0.007675711111111111,0.012591506666666665,0.49512607
0.7061825733333333,0.4986938268796887,0.009210853333333333,0.012591506666666665,0.4952017
0.7061825733333333,0.4986938268796887,0.010745995555555554,0.012591506666666665,0.49527737
0.7061825733333333,0.4986938268796887,0.012281137777777777,0.012591506666666665,0.49535793
0.7061825733333333,0.4986938268796887,0.013816279999999998,0.012591506666666665,0.49545744
0.7548188111111112,0.5697514376071913,0.0,0.012591506666666665,0.50676125
0.7548188111111112,0.5697514376071913,0.0015351422222222222,0.012591506666666665,0.50690836
0.7548188111111112,0.5697514376071913,0.0030702844444444443,0.012591506666666665,0.5070554
0.7548188111111112,0.5697514376071913,0.0046054266666666665,0.012591506666666665,0.5072024
0.7548188111111112,0.5697514376071913,0.006140568888888889,0.012591506666666665,0.50734943
0.7548188111111112,0.5697514376071913,0.007675711111111111,0.012591506666666665,0.5074965
0.7548188111111112,0.5697514376071913,0.009210853333333333,0.012591506666666665,0.50764346
0.7548188111111112,0.5697514376071913,0.010745995555555554,0.012591506666666665,0.5077905
0.7548188111111112,0.5697514376071913,0.012281137777777777,0.012591506666666665,0.5079375
0.7548188111111112,0.5697514376071913,0.013816279999999998,0.012591506666666665,0.50808454
0.803455048888889,0.6455400155850469,0.0,0.012591506666666665,0.53009325
0.803455048888889,0.6455400155850469,0.0015351422222222222,0.012591506666666665,0.53029436
0.803455048888889,0.6455400155850469,0.0030702844444444443,0.012591506666666665,0.5304955
0.803455048888889,0.6455400155850469,0.0046054266666666665,0.012591506666666665,0.53069663
0.803455048888889,0.6455400155850469,0.006140568888888889,0.012591506666666665,0.53089774
0.803455048888889,0.6455400155850469,0.007675711111111111,0.012591506666666665,0.5310988
0.803455048888889,0.6455400155850469,0.009210853333333333,0.012591506666666665,0.5312999
0.803455048888889,0.6455400155850469,0.010745995555555554,0.012591506666666665,0.531501
0.803455048888889,0.6455400155850469,0.012281137777777777,0.012591506666666665,0.53170204
0.803455048888889,0.6455400155850469,0.013816279999999998,0.012591506666666665,0.53190315
0.8520912866666667,0.7260595608132555,0.0,0.012591506666666665,0.55560577
0.8520912866666667,0.7260595608132555,0.0015351422222222222,0.012591506666666665,0.5558278
0.8520912866666667,0.7260595608132555,0.0030702844444444443,0.012591506666666665,0.5560498
0.8520912866666667,0.7260595608132555,0.0046054266666666665,0.012591506666666665,0.55627185
0.8520912866666667,0.7260595608132555,0.006140568888888889,0.012591506666666665,0.55649376
0.8520912866666667,0.7260595608132555,0.007675711111111111,0.012591506666666665,0.5567157
0.8520912866666667,0.7260595608132555,0.009210853333333333,0.012591506666666665,0.55693763
0.8520912866666667,0.7260595608132555,0.010745995555555554,0.012591506666666665,0.5571582
0.8520912866666667,0.7260595608132555,0.012281137777777777,0.012591506666666665,0.55737543
0.8520912866666667,0.7260595608132555,0.013816279999999998,0.012591506666666665,0.5575927
0.9007275244444445,0.8113100732918174,0.0,0.012591506666666665,0.58245534
0.9007275244444445,0.8113100732918174,0.0015351422222222222,0.012591506666666665,0.5826653
0.9007275244444445,0.8113100732918174,0.0030702844444444443,0.012591506666666665,0.58287525
0.9007275244444445,0.8113100732918174,0.0046054266666666665,0.012591506666666665,0.5830852
0.9007275244444445,0.8113100732918174,0.006140568888888889,0.012591506666666665,0.583293
0.9007275244444445,0.8113100732918174,0.007675711111111111,0.012591506666666665,0.58350044
0.9007275244444445,0.8113100732918174,0.009210853333333333,0.012591506666666665,0.58370775
0.9007275244444445,0.8113100732918174,0.010745995555555554,0.012591506666666665,0.58391505
0.9007275244444445,0.8113100732918174,0.012281137777777777,0.012591506666666665,0.5841223
0.9007275244444445,0.8113100732918174,0.013816279999999998,0.012591506666666665,0.58432955
0.9493637622222222,0.901291553020732,0.0,0.012591506666666665,0.6088912
0.9493637622222222,0.901291553020732,0.0015351422222222222,0.012591506666666665,0.60909194
0.9493637622222222,0.901291553020732,0.0030702844444444443,0.012591506666666665,0.6092926
0.9493637622222222,0.901291553020732,0.0046054266666666665,0.012591506666666665,0.60949326
0.9493637622222222,0.901291553020732,0.006140568888888889,0.012591506666666665,0.6096938
0.9493637622222222,0.901291553020732,0.007675711111111111,0.012591506666666665,0.6098944
0.9493637622222222,0.901291553020732,0.009210853333333333,0.012591506666666665,0.61009496
0.9493637622222222,0.901291553020732,0.010745995555555554,0.012591506666666665,0.6102954
0.9493637622222222,0.901291553020732,0.012281137777777777,0.012591506666666665,0.61049587
0.9493637622222222,0.901291553020732,0.013816279999999998,0.012591506666666665,0.6106963
0.998,0.996004,0.0,0.012591506666666665,0.63469714
0.998,0.996004,0.0015351422222222222,0.012591506666666665,0.63490677
0.998,0.996004,0.0030702844444444443,0.012591506666666665,0.63511634
0.998,0.996004,0.0046054266666666665,0.012591506666666665,0.63532525
0.998,0.996004,0.006140568888888889,0.012591506666666665,0.63552815
0.998,0.996004,0.007675711111111111,0.012591506666666665,0.63572717
0.998,0.996004,0.009210853333333333,0.012591506666666665,0.63592446
0.998,0.996004,0.010745995555555554,0.012591506666666665,0.6361218
0.998,0.996004,0.012281137777777777,0.012591506666666665,0.63631904
0.998,0.996004,0.013816279999999998,0.012591506666666665,0.63651633
0.56027386,0.3139067981992996,0.0,0.014390293333333332,0.48813307
0.56027386,0.3139067981992996,0.0015351422222222222,0.014390293333333332,0.48821592
0.56027386,0.3139067981992996,0.0030702844444444443,0.014390293333333332,0.48829874
0.56027386,0.3139067981992996,0.0046054266666666665,0.014390293333333332,0.4883815
0.56027386,0.3139067981992996,0.006140568888888889,0.014390293333333332,0.48846427
0.56027386,0.3139067981992996,0.007675711111111111,0.014390293333333332,0.48854712
0.56027386,0.3139067981992996,0.009210853333333333,0.014390293333333332,0.48862988
0.56027386,0.3139067981992996,0.010745995555555554,0.014390293333333332,0.4887127
0.56027386,0.3139067981992996,0.012281137777777777,0.014390293333333332,0.48879552
0.56027386,0.3139067981992996,0.013816279999999998,0.014390293333333332,0.4888783
0.6089100977777778,0.370771507175743,0.0,0.014390293333333332,0.48991832
0.6089100977777778,0.370771507175743,0.0015351422222222222,0.014390293333333332,0.49000114
0.6089100977777778,0.370771507175743,0.0030702844444444443,0.014390293333333332,0.49008393
0.6089100977777778,0.370771507175743,0.0046054266666666665,0.014390293333333332,0.49016675
0.6089100977777778,0.370771507175743,0.006140568888888889,0.014390293333333332,0.4902496
0.6089100977777778,0.370771507175743,0.007675711111111111,0.014390293333333332,0.49033237
0.6089100977777778,0.370771507175743,0.009210853333333333,0.014390293333333332,0.49041516
0.6089100977777778,0.370771507175743,0.010745995555555554,0.014390293333333332,0.49049798
0.6089100977777778,0.370771507175743,0.012281137777777777,0.014390293333333332,0.4905808
0.6089100977777778,0.370771507175743,0.013816279999999998,0.014390293333333332,0.49066362
0.6575463355555555,0.4323671834025392,0.0,0.014390293333333332,0.4918535
0.6575463355555555,0.4323671834025392,0.0015351422222222222,0.014390293333333332,0.49193043
0.6575463355555555,0.4323671834025392,0.0030702844444444443,0.014390293333333332,0.492006
0.6575463355555555,0.4323671834025392,0.0046054266666666665,0.014390293333333332,0.4920816
0.6575463355555555,0.4323671834025392,0.006140568888888889,0.014390293333333332,0.49215728
0.6575463355555555,0.4323671834025392,0.007675711111111111,0.014390293333333332,0.49223286
0.6575463355555555,0.4323671834025392,0.009210853333333333,0.014390293333333332,0.4923085
0.6575463355555555,0.4323671834025392,0.010745995555555554,0.014390293333333332,0.4923841
0.6575463355555555,0.4323671834025392,0.012281137777777777,0.014390293333333332,0.4924597
0.6575463355555555,0.4323671834025392,0.013816279999999998,0.014390293333333332,0.49253535
0.7061825733333333,0.4986938268796887,0.0,0.014390293333333332,0.49458048
0.7061825733333333,0.4986938268796887,0.0015351422222222222,0.014390293333333332,0.49465612
0.7061825733333333,0.4986938268796887,0.0030702844444444443,0.014390293333333332,0.49473172
0.7061825733333333,0.4986938268796887,0.0046054266666666665,0.014390293333333332,0.49480736
0.7061825733333333,0.4986938268796887,0.006140568888888889,0.014390293333333332,0.49488297
0.7061825733333333,0.4986938268796887,0.007675711111111111,0.014390293333333332,0.4949586
0.7061825733333333,0.4986938268796887,0.009210853333333333,0.014390293333333332,0.49503425
0.7061825733333333,0.4986938268796887,0.010745995555555554,0.014390293333333332,0.4951099
0.7061825733333333,0.4986938268796887,0.012281137777777777,0.014390293333333332,0.49518552
0.7061825733333333,0.4986938268796887,0.013816279999999998,0.014390293333333332,0.4952651
0.7548188111111112,0.5697514376071913,0.0,0.014390293333333332,0.5058516
0.7548188111111112,0.5697514376071913,0.0015351422222222222,0.014390293333333332,0.5059986
0.7548188111111112,0.5697514376071913,0.0030702844444444443,0.014390293333333332,0.50614566
0.7548188111111112,0.5697514376071913,0.0046054266666666665,0.014390293333333332,0.5062927
0.7548188111111112,0.5697514376071913,0.006140568888888889,0.014390293333333332,0.50643975
0.7548188111111112,0.5697514376071913,0.007675711111111111,0.014390293333333332,0.5065868
0.7548188111111112,0.5697514376071913,0.009210853333333333,0.014390293333333332,0.5067338
0.7548188111111112,0.5697514376071913,0.010745995555555554,0.014390293333333332,0.5068808
0.7548188111111112,0.5697514376071913,0.012281137777777777,0.014390293333333332,0.50702786
0.7548188111111112,0.5697514376071913,0.013816279999999998,0.014390293333333332,0.5071749
0.803455048888889,0.6455400155850469,0.0,0.014390293333333332,0.528883
0.803455048888889,0.6455400155850469,0.0015351422222222222,0.014390293333333332,0.5290524
0.803455048888889,0.6455400155850469,0.0030702844444444443,0.014390293333333332,0.52922523
0.803455048888889,0.6455400155850469,0.0046054266666666665,0.014390293333333332,0.52942634
0.803455048888889,0.6455400155850469,0.006140568888888889,0.014390293333333332,0.52962756
0.803455048888889,0.6455400155850469,0.007675711111111111,0.014390293333333332,0.5298287
0.803455048888889,0.6455400155850469,0.009210853333333333,0.014390293333333332,0.5300299
0.803455048888889,0.6455400155850469,0.010745995555555554,0.014390293333333332,0.530231
0.803455048888889,0.6455400155850469,0.012281137777777777,0.014390293333333332,0.5304321
0.803455048888889,0.6455400155850469,0.013816279999999998,0.014390293333333332,0.5306333
0.8520912866666667,0.7260595608132555,0.0,0.014390293333333332,0.5542493
0.8520912866666667,0.7260595608132555,0.0015351422222222222,0.014390293333333332,0.55447143
0.8520912866666667,0.7260595608132555,0.0030702844444444443,0.014390293333333332,0.5546936
0.8520912866666667,0.7260595608132555,0.0046054266666666665,0.014390293333333332,0.55491567
0.8520912866666667,0.7260595608132555,0.006140568888888889,0.014390293333333332,0.55513775
0.8520912866666667,0.7260595608132555,0.007675711111111111,0.014390293333333332,0.5553584
0.8520912866666667,0.7260595608132555,0.009210853333333333,0.014390293333333332,0.5555759
0.8520912866666667,0.7260595608132555,0.010745995555555554,0.014390293333333332,0.5557933
0.8520912866666667,0.7260595608132555,0.012281137777777777,0.014390293333333332,0.55601066
0.8520912866666667,0.7260595608132555,0.013816279999999998,0.014390293333333332,0.5562281
0.9007275244444445,0.8113100732918174,0.0,0.014390293333333332,0.5811226
0.9007275244444445,0.8113100732918174,0.0015351422222222222,0.014390293333333332,0.5813331
0.9007275244444445,0.8113100732918174,0.0030702844444444443,0.014390293333333332,0.581543
0.9007275244444445,0.8113100732918174,0.0046054266666666665,0.014390293333333332,0.58175284
0.9007275244444445,0.8113100732918174,0.006140568888888889,0.014390293333333332,0.5819626
0.9007275244444445,0.8113100732918174,0.007675711111111111,0.014390293333333332,0.5821708
0.9007275244444445,0.8113100732918174,0.009210853333333333,0.014390293333333332,0.58237803
0.9007275244444445,0.8113100732918174,0.010745995555555554,0.014390293333333332,0.5825852
0.9007275244444445,0.8113100732918174,0.012281137777777777,0.014390293333333332,0.5827924
0.9007275244444445,0.8113100732918174,0.013816279999999998,0.014390293333333332,0.5829998
0.9493637622222222,0.901291553020732,0.0,0.014390293333333332,0.6075941
0.9493637622222222,0.901291553020732,0.0015351422222222222,0.014390293333333332,0.6077951
0.9493637622222222,0.901291553020732,0.0030702844444444443,0.014390293333333332,0.607996
0.9493637622222222,0.901291553020732,0.0046054266666666665,0.014390293333333332,0.60819685
0.9493637622222222,0.901291553020732,0.006140568888888889,0.014390293333333332,0.60839766
0.9493637622222222,0.901291553020732,0.007675711111111111,0.014390293333333332,0.60859853
0.9493637622222222,0.901291553020732,0.009210853333333333,0.014390293333333332,0.60879934
0.9493637622222222,0.901291553020732,0.010745995555555554,0.014390293333333332,0.609
0.9493637622222222,0.901291553020732,0.012281137777777777,0.014390293333333332,0.60920066
0.9493637622222222,0.901291553020732,0.013816279999999998,0.014390293333333332,0.60940135
0.998,0.996004,0.0,0.014390293333333332,0.63342947
0.998,0.996004,0.0015351422222222222,0.014390293333333332,0.63363945
0.998,0.996004,0.0030702844444444443,0.014390293333333332,0.6338494
0.998,0.996004,0.0046054266666666665,0.014390293333333332,0.634059
0.998,0.996004,0.006140568888888889,0.014390293333333332,0.6342678
0.998,0.996004,0.007675711111111111,0.014390293333333332,0.6344675
0.998,0.996004,0.009210853333333333,0.014390293333333332,0.6346659
0.998,0.996004,0.010745995555555554,0.014390293333333332,0.63486356
0.998,0.996004,0.012281137777777777,0.014390293333333332,0.6350611
0.998,0.996004,0.013816279999999998,0.014390293333333332,0.63525856
0.56027386,0.3139067981992996,0.0,0.016189079999999998,0.4879867
0.56027386,0.3139067981992996,0.0015351422222222222,0.016189079999999998,0.48806953
0.56027386,0.3139067981992996,0.0030702844444444443,0.016189079999999998,0.4881523
0.56027386,0.3139067981992996,0.0046054266666666665,0.016189079999999998,0.48823515
0.56027386,0.3139067981992996,0.006140568888888889,0.016189079999999998,0.4883179
0.56027386,0.3139067981992996,0.007675711111111111,0.016189079999999998,0.4884007
0.56027386,0.3139067981992996,0.009210853333333333,0.016189079999999998,0.4884835
0.56027386,0.3139067981992996,0.010745995555555554,0.016189079999999998,0.48856628
0.56027386,0.3139067981992996,0.012281137777777777,0.016189079999999998,0.4886491
0.56027386,0.3139067981992996,0.013816279999999998,0.016189079999999998,0.4887319
0.6089100977777778,0.370771507175743,0.0,0.016189079999999998,0.48977193
0.6089100977777778,0.370771507175743,0.0015351422222222222,0.016189079999999998,0.4898547
0.6089100977777778,0.370771507175743,0.0030702844444444443,0.016189079999999998,0.4899375
0.6089100977777778,0.370771507175743,0.0046054266666666665,0.016189079999999998,0.49002033
0.6089100977777778,0.370771507175743,0.006140568888888889,0.016189079999999998,0.4901032
0.6089100977777778,0.370771507175743,0.007675711111111111,0.016189079999999998,0.49018595
0.6089100977777778,0.370771507175743,0.009210853333333333,0.016189079999999998,0.49026874
0.6089100977777778,0.370771507175743,0.010745995555555554,0.016189079999999998,0.49035156
0.6089100977777778,0.370771507175743,0.012281137777777777,0.016189079999999998,0.4904344
0.6089100977777778,0.370771507175743,0.013816279999999998,0.016189079999999998,0.49051723
0.6575463355555555,0.4323671834025392,0.0,0.016189079999999998,0.49168453
0.6575463355555555,0.4323671834025392,0.0015351422222222222,0.016189079999999998,0.49176222
0.6575463355555555,0.4323671834025392,0.0030702844444444443,0.016189079999999998,0.49183857
0.6575463355555555,0.4323671834025392,0.0046054266666666665,0.016189079999999998,0.4919142
0.6575463355555555,0.4323671834025392,0.006140568888888889,0.016189079999999998,0.49198985
0.6575463355555555,0.4323671834025392,0.007675711111111111,0.016189079999999998,0.49206546
0.6575463355555555,0.4323671834025392,0.009210853333333333,0.016189079999999998,0.4921411
0.6575463355555555,0.4323671834025392,0.010745995555555554,0.016189079999999998,0.4922167
0.6575463355555555,0.4323671834025392,0.012281137777777777,0.016189079999999998,0.4922923
0.6575463355555555,0.4323671834025392,0.013816279999999998,0.016189079999999998,0.49236792
0.7061825733333333,0.4986938268796887,0.0,0.016189079999999998,0.49441296
0.7061825733333333,0.4986938268796887,0.0015351422222222222,0.016189079999999998,0.49448863
0.7061825733333333,0.4986938268796887,0.0030702844444444443,0.016189079999999998,0.49456432
0.7061825733333333,0.4986938268796887,0.0046054266666666665,0.016189079999999998,0.4946399
0.7061825733333333,0.4986938268796887,0.006140568888888889,0.016189079999999998,0.4947155
0.7061825733333333,0.4986938268796887,0.007675711111111111,0.016189079999999998,0.49479115
0.7061825733333333,0.4986938268796887,0.009210853333333333,0.016189079999999998,0.49486682
0.7061825733333333,0.4986938268796887,0.010745995555555554,0.016189079999999998,0.49494243
0.7061825733333333,0.4986938268796887,0.012281137777777777,0.016189079999999998,0.49501806
0.7061825733333333,0.4986938268796887,0.013816279999999998,0.016189079999999998,0.49509367
0.7548188111111112,0.5697514376071913,0.0,0.016189079999999998,0.5049418
0.7548188111111112,0.5697514376071913,0.0015351422222222222,0.016189079999999998,0.50508887
0.7548188111111112,0.5697514376071913,0.0030702844444444443,0.016189079999999998,0.5052359
0.7548188111111112,0.5697514376071913,0.0046054266666666665,0.016189079999999998,0.50538296
0.7548188111111112,0.5697514376071913,0.006140568888888889,0.016189079999999998,0.50553
0.7548188111111112,0.5697514376071913,0.007675711111111111,0.016189079999999998,0.50567704
0.7548188111111112,0.5697514376071913,0.009210853333333333,0.016189079999999998,0.5058241
0.7548188111111112,0.5697514376071913,0.010745995555555554,0.016189079999999998,0.50597113
0.7548188111111112,0.5697514376071913,0.012281137777777777,0.016189079999999998,0.5061182
0.7548188111111112,0.5697514376071913,0.013816279999999998,0.016189079999999998,0.5062652
0.803455048888889,0.6455400155850469,0.0,0.016189079999999998,0.52768534
0.803455048888889,0.6455400155850469,0.0015351422222222222,0.016189079999999998,0.52785486
0.803455048888889,0.6455400155850469,0.0030702844444444443,0.016189079999999998,0.52802426
0.803455048888889,0.6455400155850469,0.0046054266666666665,0.016189079999999998,0.52819365
0.803455048888889,0.6455400155850469,0.006140568888888889,0.016189079999999998,0.52836305
0.803455048888889,0.6455400155850469,0.007675711111111111,0.016189079999999998,0.5285582
0.803455048888889,0.6455400155850469,0.009210853333333333,0.016189079999999998,0.52875936
0.803455048888889,0.6455400155850469,0.010745995555555554,0.016189079999999998,0.5289606
0.803455048888889,0.6455400155850469,0.012281137777777777,0.016189079999999998,0.52916175
0.803455048888889,0.6455400155850469,0.013816279999999998,0.016189079999999998,0.529363
0.8520912866666667,0.7260595608132555,0.0,0.016189079999999998,0.5528919
0.8520912866666667,0.7260595608132555,0.0015351422222222222,0.016189079999999998,0.5531142
0.8520912866666667,0.7260595608132555,0.0030702844444444443,0.016189079999999998,0.5533365
0.8520912866666667,0.7260595608132555,0.0046054266666666665,0.016189079999999998,0.5535572
0.8520912866666667,0.7260595608132555,0.006140568888888889,0.016189079999999998,0.55377483
0.8520912866666667,0.7260595608132555,0.007675711111111111,0.016189079999999998,0.55399245
0.8520912866666667,0.7260595608132555,0.009210853333333333,0.016189079999999998,0.55421
0.8520912866666667,0.7260595608132555,0.010745995555555554,0.016189079999999998,0.5544275
0.8520912866666667,0.7260595608132555,0.012281137777777777,0.016189079999999998,0.55464506
0.8520912866666667,0.7260595608132555,0.013816279999999998,0.016189079999999998,0.5548626
0.9007275244444445,0.8113100732918174,0.0,0.016189079999999998,0.57978505
0.9007275244444445,0.8113100732918174,0.0015351422222222222,0.016189079999999998,0.5800015
0.9007275244444445,0.8113100732918174,0.0030702844444444443,0.016189079999999998,0.5802115
0.9007275244444445,0.8113100732918174,0.0046054266666666665,0.016189079999999998,0.5804215
0.9007275244444445,0.8113100732918174,0.006140568888888889,0.016189079999999998,0.58063143
0.9007275244444445,0.8113100732918174,0.007675711111111111,0.016189079999999998,0.5808414
0.9007275244444445,0.8113100732918174,0.009210853333333333,0.016189079999999998,0.5810502
0.9007275244444445,0.8113100732918174,0.010745995555555554,0.016189079999999998,0.5812576
0.9007275244444445,0.8113100732918174,0.012281137777777777,0.016189079999999998,0.5814649
0.9007275244444445,0.8113100732918174,0.013816279999999998,0.016189079999999998,0.58167225
0.9493637622222222,0.901291553020732,0.0,0.016189079999999998,0.6062955
0.9493637622222222,0.901291553020732,0.0015351422222222222,0.016189079999999998,0.60649675
0.9493637622222222,0.901291553020732,0.0030702844444444443,0.016189079999999998,0.6066979
0.9493637622222222,0.901291553020732,0.0046054266666666665,0.016189079999999998,0.6068989
0.9493637622222222,0.901291553020732,0.006140568888888889,0.016189079999999998,0.60710007
0.9493637622222222,0.901291553020732,0.007675711111111111,0.016189079999999998,0.6073011
0.9493637622222222,0.901291553020732,0.009210853333333333,0.016189079999999998,0.6075021
0.9493637622222222,0.901291553020732,0.010745995555555554,0.016189079999999998,0.6077031
0.9493637622222222,0.901291553020732,0.012281137777777777,0.016189079999999998,0.60790396
0.9493637622222222,0.901291553020732,0.013816279999999998,0.016189079999999998,0.60810494
0.998,0.996004,0.0,0.016189079999999998,0.63215995
0.998,0.996004,0.0015351422222222222,0.016189079999999998,0.63237023
0.998,0.996004,0.0030702844444444443,0.016189079999999998,0.63258046
0.998,0.996004,0.0046054266666666665,0.016189079999999998,0.63279057
0.998,0.996004,0.006140568888888889,0.016189079999999998,0.633
0.998,0.996004,0.007675711111111111,0.016189079999999998,0.6332056
0.998,0.996004,0.009210853333333333,0.016189079999999998,0.6334055
0.998,0.996004,0.010745995555555554,0.016189079999999998,0.63360345
0.998,0.996004,0.012281137777777777,0.016189079999999998,0.63380075
0.998,0.996004,0.013816279999999998,0.016189079999999998,0.6339976
